keys,en,pt_BR
Text/15/text,Ow... ouch... I'm so hurt... how could you let me DIE like this? I feel so weak (T-T)...,Ow... aii… como eu estou machucado... como você pôde me deixar morrer assim? me sinto tão fraco (T-T)...
Text/16/text,"I-I can't believe it, Eggy, is that you??? I thought I'd lost you forever, I'm so glad you're alive!","N-não acredito, Eggy é você??? Eu achei que eu tinha te perdido pra sempre, que bom que você está vivo!"
Text/17/text,"Not because of you, it seems… (-_-) There's only one thing in this world that can make me feel better... I want to play with you (＾w＾)","Pelo visto, não foi por sua causa(-_-) Só tem uma coisa neste mundo que pode me deixar melhor… Eu quero brincar com você (＾w＾)!"
Text/18/text,But now? Can't it be later? It's the middle of the night.,Mas agora? Não pode ser mais tarde? Estamos no meio da noite.
Text/19/text,"OOOWW THE PAIN, IT'S COMING (ºoº)!!! I FEEL DEATH CALLING ME (>_<)!!! goodbye cruel world (T^T)...","OOOWW A DOR, ELA ESTÁ VINDO (ºoº) SINTO A MORTE ME CHAMANDO (>_<)  Adeus mundo cruel(T^T)…"
Text/1a/text,"WAIT, NO, I will play with you, but please, stay here with me, don't go away…","ESPERA, NÃO, eu brinco com você, mas por favor, fica aqui comigo, não vai embora."
Text/1b/text,"Since you care so much about me, we’re going to play a really fun game, but i want you to get some things for me \(ºvº )/...","Já que se importa tanto comigo, vou fazer uma brincadeira muito legal, quero que você pegue algumas coisas pra mim \(ºvº )/…"
Text/1c/text,"For our task you will need: some soul sand, 5 Sürth candles and some kind of... red pigment o_o whathever you can get.","Para nossa tarefa você precisará de: um pouco de areia das almas, 5 velas de Sürth e um.. pigmento vermelho ◔_◔ Encontre o que você conseguir."
Text/1d/text,"But be very careful ( º_º ) there are many monsters in the night, they might try to stop our game, so don't let them catch you (O__O).","Mas tome muito cuidado ( º_º ) Tem muitos monstros a solta de madrugada, eles podem tentar impedir nossa brincadeira, então não deixe que te peguem (O__O),"
